<?xml version="1.0" ?>

<container xmlns="http://symfony.com/schema/dic/services"
    xmlns:xsi="http://www.w3.org/2001/XMLSchema-instance"
    xsi:schemaLocation="http://symfony.com/schema/dic/services http://symfony.com/schema/dic/services/services-1.0.xsd">

    <parameters>

        <parameter key="fos_rest.request.param_fetcher.class">FOS\RestBundle\Request\ParamFetcher</parameter>
        <parameter key="fos_rest.request.param_fetcher.reader.class">FOS\RestBundle\Request\ParamReader</parameter>

    </parameters>

    <services>

        <service id="fos_rest.request.param_fetcher" class="%fos_rest.request.param_fetcher.class%">
            <argument type="service" id="fos_rest.request.param_fetcher.reader"/>
            <argument type="service" id="request_stack" on-invalid="null"/>
            <argument type="service" id="fos_rest.violation_formatter"/>
            <argument type="service" id="validator" on-invalid="null"/>
            <argument>false</argument>
        </service>

        <service id="fos_rest.request.param_fetcher.reader" class="%fos_rest.request.param_fetcher.reader.class%">
            <argument type="service" id="annotation_reader"/>
        </service>

    </services>

</container>
