<?xml version="1.0" ?>
<container xmlns="http://symfony.com/schema/dic/services"
    xmlns:xsi="http://www.w3.org/2001/XMLSchema-instance"
    xsi:schemaLocation="http://symfony.com/schema/dic/services http://symfony.com/schema/dic/services/services-1.0.xsd">

    <services>
        <service id="fos_rest.serializer.jms" class="FOS\RestBundle\Serializer\JMSSerializerAdapter" public="false" lazy="true">
            <argument type="service" id="jms_serializer.serializer" />
        </service>

        <service id="fos_rest.serializer.symfony" class="FOS\RestBundle\Serializer\SymfonySerializerAdapter" public="false" lazy="true">
            <argument type="service" id="serializer" />
        </service>
    </services>
</container>
