<?xml version="1.0" ?>

<container xmlns="http://symfony.com/schema/dic/services"
    xmlns:xsi="http://www.w3.org/2001/XMLSchema-instance"
    xsi:schemaLocation="http://symfony.com/schema/dic/services http://symfony.com/schema/dic/services/services-1.0.xsd">

    <services>
        <!-- proxy -->
        <service id="leezy.pheanstalk.proxy.default" class="Leezy\PheanstalkBundle\Proxy\PheanstalkProxy" public="true">
            <call method="setDispatcher">
                <argument type="service" id="event_dispatcher" on-invalid="ignore"/>
            </call>
        </service>

        <!-- listener -->
        <service id="leezy.pheanstalk.listener.log" class="Leezy\PheanstalkBundle\Listener\PheanstalkLogListener" public="true">
            <call method="setLogger">
                <argument type="service" id="logger" on-invalid="ignore"/>
            </call>
            <tag name="kernel.event_subscriber" />
            <tag name="monolog.logger" channel="pheanstalk" />
        </service>
    </services>
</container>
