<?xml version="1.0"?>
<ruleset name="friendsofphp/php-cs-fixer"
         xmlns="http://pmd.sf.net/ruleset/1.0.0"
         xmlns:xsi="http://www.w3.org/2001/XMLSchema-instance"
         xsi:schemaLocation="http://pmd.sf.net/ruleset/1.0.0 http://pmd.sf.net/ruleset_xml_schema.xsd"
         xsi:noNamespaceSchemaLocation="http://pmd.sf.net/ruleset_xml_schema.xsd"
>
    <rule ref="rulesets/controversial.xml/CamelCaseClassName" />
    <rule ref="rulesets/controversial.xml/CamelCaseMethodName" />
    <rule ref="rulesets/controversial.xml/CamelCaseParameterName" />
    <rule ref="rulesets/controversial.xml/CamelCasePropertyName" />
    <rule ref="rulesets/controversial.xml/CamelCaseVariableName" />

    <rule ref="rulesets/design.xml/DevelopmentCodeFragment" />
    <rule ref="rulesets/design.xml/EvalExpression" />
    <rule ref="rulesets/design.xml/ExitExpression" />
    <rule ref="rulesets/design.xml/GotoStatement" />

    <rule ref="rulesets/naming.xml/ConstantNamingConventions" />

    <rule ref="../../../../../mi-schi/phpmd-extension/rulesets/cleancode.xml/DataStructureMethods" />
    <rule ref="../../../../../mi-schi/phpmd-extension/rulesets/cleancode.xml/SwitchStatement" />

    <rule ref="../../../../../mi-schi/phpmd-extension/rulesets/naming.xml/CommentDescription">
        <properties>
            <property name="percent" value="70" />
        </properties>
    </rule>
</ruleset>
