<?xml version="1.0" encoding="utf-8"?>

<feed xmlns="http://www.w3.org/2005/Atom">

    <title>Example Feed</title>
    <subtitle>A subtitle.</subtitle>
    <link href="http://example.org/feed/" rel="self" />
    <link href="http://example.org/" />
    <id>urn:uuid:60a76c80-d399-11d9-b91C-0003939e0af6</id>
    <updated>2003-12-13T18:30:02Z</updated>


    <entry>
        <title>Atom-Powered Robots Run Amok</title>
        <link href="http://example.org/2003/12/13/atom03" />
        <link rel="alternate" type="text/html" href="http://example.org/2003/12/13/atom03.html"/>
        <link rel="edit" href="http://example.org/2003/12/13/atom03/edit"/>
        <link rel="enclosure" href="http://example.org/video.mpeg" type="video/mpeg" />
        <id>urn:uuid:1225c695-cfb8-4ebb-aaaa-80da344efa6a</id>
        <updated>2003-12-13T18:30:02Z</updated>
        <content type="xhtml">
            <div>A title</div>
            <p>A paragraph</p>
        </content>
        <category term="Category1" />
        <author>
            <name>John Doe</name>
            <email>johndoe@example.com</email>
            <uri>http://johndoe.com</uri>
        </author>
        <category term="Category2" />
    </entry>

    <entry>
        <title>A partial entry</title>
        <link href="http://example.org/2003/12/13/atom03" />
        <id>urn:uuid:1225c695-cfb8-4ebb-aaaa-80da344efa6a</id>
        <updated>2003-12-13T18:30:02Z</updated>
        <content type="xhtml">
            <div>A title</div>
            <p>A paragraph</p>
        </content>
    </entry>
</feed>
