<?xml version="1.0" encoding="UTF-8" ?>
<rss version="2.0">
    <channel>
        <title>RSS Title</title>
        <description>This is an example of an RSS feed</description>
        <link>http://www.someexamplerssdomain.com/main.html</link>
        <ttl>1800</ttl>

        <item>
            <title>Example entry</title>
            <description>Here is some text containing an interesting description.</description>
            <link>http://www.wikipedia.org/</link>
            <guid>unique string per item</guid>
            <pubDate>Mon, 06 Sep 2009 16:45:00 GMT</pubDate>
            <author>John Doe</author>
        </item>

        <item>
            <title>Example entry</title>
            <description>Here is some text containing an interesting description.</description>
            <link>http://www.wikipedia.org/</link>
            <guid>unique string per item</guid>
            <pubDate>Mon, 13 Sep 2009 16:45:00 GMT</pubDate>
            <author>John Doe</author>
        </item>

        <item>
            <title>Example entry</title>
            <description>Here is some text containing an interesting description.</description>
            <link>http://www.wikipedia.org/</link>
            <guid>unique string per item</guid>
            <pubDate>Mon, 31 Aug 2009 16:45:00 GMT</pubDate>
            <author>John Doe</author>
        </item>

    </channel>
</rss>
