<?xml version="1.0" encoding="UTF-8" ?>

<container xmlns="http://symfony.com/schema/dic/services"
    xmlns:xsi="http://www.w3.org/2001/XMLSchema-instance"
    xsi:schemaLocation="http://symfony.com/schema/dic/services http://symfony.com/schema/dic/services/services-1.0.xsd">

    <services>

        <service id="oneup_uploader.templating.uploader_helper" class="Oneup\UploaderBundle\Templating\Helper\UploaderHelper">
            <argument type="service" id="router" />
            <argument>%oneup_uploader.maxsize%</argument>
            <tag name="templating.helper" alias="oneup_uploader" />
        </service>

    </services>

</container>
