<?xml version="1.0" encoding="utf-8" ?>
<container xmlns="http://symfony.com/schema/dic/services"
           xmlns:xsi="http://www.w3.org/2001/XMLSchema-instance"
           xsi:schemaLocation="http://symfony.com/schema/dic/services http://symfony.com/schema/dic/services/services-1.0.xsd">

           <parameters>
               <parameter key="oneup_uploader.chunks.manager.class">Oneup\UploaderBundle\Uploader\Chunk\ChunkManager</parameter>
               <parameter key="oneup_uploader.chunks_storage.gaufrette.class">Oneup\UploaderBundle\Uploader\Chunk\Storage\GaufretteStorage</parameter>
               <parameter key="oneup_uploader.chunks_storage.flysystem.class">Oneup\UploaderBundle\Uploader\Chunk\Storage\FlysystemStorage</parameter>
               <parameter key="oneup_uploader.chunks_storage.filesystem.class">Oneup\UploaderBundle\Uploader\Chunk\Storage\FilesystemStorage</parameter>
               <parameter key="oneup_uploader.namer.urlsafename.class">Oneup\UploaderBundle\Uploader\Naming\UrlSafeNamer</parameter>
               <parameter key="oneup_uploader.namer.uniqid.class">Oneup\UploaderBundle\Uploader\Naming\UniqidNamer</parameter>
               <parameter key="oneup_uploader.routing.loader.class">Oneup\UploaderBundle\Routing\RouteLoader</parameter>
               <parameter key="oneup_uploader.storage.gaufrette.class">Oneup\UploaderBundle\Uploader\Storage\GaufretteStorage</parameter>
               <parameter key="oneup_uploader.storage.flysystem.class">Oneup\UploaderBundle\Uploader\Storage\FlysystemStorage</parameter>
               <parameter key="oneup_uploader.storage.filesystem.class">Oneup\UploaderBundle\Uploader\Storage\FilesystemStorage</parameter>
               <parameter key="oneup_uploader.orphanage.class">Oneup\UploaderBundle\Uploader\Storage\FilesystemOrphanageStorage</parameter>
               <parameter key="oneup_uploader.orphanage.manager.class">Oneup\UploaderBundle\Uploader\Orphanage\OrphanageManager</parameter>
               <parameter key="oneup_uploader.controller.fineuploader.class">Oneup\UploaderBundle\Controller\FineUploaderController</parameter>
               <parameter key="oneup_uploader.controller.blueimp.class">Oneup\UploaderBundle\Controller\BlueimpController</parameter>
               <parameter key="oneup_uploader.controller.uploadify.class">Oneup\UploaderBundle\Controller\UploadifyController</parameter>
               <parameter key="oneup_uploader.controller.yui3.class">Oneup\UploaderBundle\Controller\YUI3Controller</parameter>
               <parameter key="oneup_uploader.controller.fancyupload.class">Oneup\UploaderBundle\Controller\FancyUploadController</parameter>
               <parameter key="oneup_uploader.controller.mooupload.class">Oneup\UploaderBundle\Controller\MooUploadController</parameter>
               <parameter key="oneup_uploader.controller.plupload.class">Oneup\UploaderBundle\Controller\PluploadController</parameter>
               <parameter key="oneup_uploader.controller.dropzone.class">Oneup\UploaderBundle\Controller\DropzoneController</parameter>
           </parameters>

           <services>

               <!-- managers -->
               <service id="oneup_uploader.chunk_manager" class="%oneup_uploader.chunks.manager.class%">
                   <argument>%oneup_uploader.chunks%</argument>
                   <argument type="service" id="oneup_uploader.chunks_storage" />
               </service>

               <service id="oneup_uploader.orphanage_manager" class="%oneup_uploader.orphanage.manager.class%">
                   <argument type="service" id="service_container" />
                   <argument>%oneup_uploader.orphanage%</argument>
               </service>

               <!-- namer -->
               <service id="oneup_uploader.namer.uniqid" class="%oneup_uploader.namer.uniqid.class%" />
               <service id="oneup_uploader.namer.urlsafe" class="%oneup_uploader.namer.urlsafename.class%" />

               <!-- routing -->
               <service id="oneup_uploader.routing.loader" class="%oneup_uploader.routing.loader.class%">
                   <argument>%oneup_uploader.controllers%</argument>
                   <tag name="routing.loader" />
               </service>

           </services>

</container>
