<?xml version="1.0" ?>
<container xmlns="http://symfony.com/schema/dic/services"
    xmlns:xsi="http://www.w3.org/2001/XMLSchema-instance"
    xsi:schemaLocation="http://symfony.com/schema/dic/services http://symfony.com/schema/dic/services/services-1.0.xsd">

    <services>
        <service id="twig.loader.filesystem" class="%twig.loader.filesystem.class%" public="false">
            <argument type="service" id="templating.locator" />
            <argument type="service" id="templating.name_parser" />
            <tag name="twig.loader"/>
        </service>

        <service id="templating.engine.twig" class="%templating.engine.twig.class%" public="false">
            <argument type="service" id="twig" />
            <argument type="service" id="templating.name_parser" />
            <argument type="service" id="templating.locator" />
        </service>
    </services>
</container>
