<?xml version="1.0" ?>

<container xmlns="http://symfony.com/schema/dic/services"
    xmlns:xsi="http://www.w3.org/2001/XMLSchema-instance"
    xsi:schemaLocation="http://symfony.com/schema/dic/services http://symfony.com/schema/dic/services/services-1.0.xsd">

    <parameters>
        <parameter key="data_collector.security.class">Symfony\Bundle\SecurityBundle\DataCollector\SecurityDataCollector</parameter>
    </parameters>

    <services>
        <service id="data_collector.security" class="%data_collector.security.class%" public="false">
            <tag name="data_collector" template="@Security/Collector/security.html.twig" id="security" priority="270" />
            <argument type="service" id="security.token_storage" on-invalid="ignore" />
            <argument type="service" id="security.role_hierarchy" />
            <argument type="service" id="security.logout_url_generator" />
        </service>
    </services>
</container>
