<?xml version="1.0" ?>

<container xmlns="http://symfony.com/schema/dic/services"
    xmlns:xsi="http://www.w3.org/2001/XMLSchema-instance"
    xsi:schemaLocation="http://symfony.com/schema/dic/services http://symfony.com/schema/dic/services/services-1.0.xsd">

    <parameters>
        <parameter key="security.authentication.retry_entry_point.class">Symfony\Component\Security\Http\EntryPoint\RetryAuthenticationEntryPoint</parameter>

        <parameter key="security.channel_listener.class">Symfony\Component\Security\Http\Firewall\ChannelListener</parameter>

        <parameter key="security.authentication.form_entry_point.class">Symfony\Component\Security\Http\EntryPoint\FormAuthenticationEntryPoint</parameter>
        <parameter key="security.authentication.listener.form.class">Symfony\Component\Security\Http\Firewall\UsernamePasswordFormAuthenticationListener</parameter>

        <parameter key="security.authentication.listener.simple_form.class">Symfony\Component\Security\Http\Firewall\SimpleFormAuthenticationListener</parameter>

        <parameter key="security.authentication.listener.simple_preauth.class">Symfony\Component\Security\Http\Firewall\SimplePreAuthenticationListener</parameter>

        <parameter key="security.authentication.listener.basic.class">Symfony\Component\Security\Http\Firewall\BasicAuthenticationListener</parameter>
        <parameter key="security.authentication.basic_entry_point.class">Symfony\Component\Security\Http\EntryPoint\BasicAuthenticationEntryPoint</parameter>

        <parameter key="security.authentication.listener.digest.class">Symfony\Component\Security\Http\Firewall\DigestAuthenticationListener</parameter>
        <parameter key="security.authentication.digest_entry_point.class">Symfony\Component\Security\Http\EntryPoint\DigestAuthenticationEntryPoint</parameter>

        <parameter key="security.authentication.listener.x509.class">Symfony\Component\Security\Http\Firewall\X509AuthenticationListener</parameter>

        <parameter key="security.authentication.listener.anonymous.class">Symfony\Component\Security\Http\Firewall\AnonymousAuthenticationListener</parameter>

        <parameter key="security.authentication.switchuser_listener.class">Symfony\Component\Security\Http\Firewall\SwitchUserListener</parameter>

        <parameter key="security.logout_listener.class">Symfony\Component\Security\Http\Firewall\LogoutListener</parameter>
        <parameter key="security.logout.handler.session.class">Symfony\Component\Security\Http\Logout\SessionLogoutHandler</parameter>
        <parameter key="security.logout.handler.cookie_clearing.class">Symfony\Component\Security\Http\Logout\CookieClearingLogoutHandler</parameter>
        <parameter key="security.logout.success_handler.class">Symfony\Component\Security\Http\Logout\DefaultLogoutSuccessHandler</parameter>

        <parameter key="security.access_listener.class">Symfony\Component\Security\Http\Firewall\AccessListener</parameter>
        <parameter key="security.access_map.class">Symfony\Component\Security\Http\AccessMap</parameter>
        <parameter key="security.exception_listener.class">Symfony\Component\Security\Http\Firewall\ExceptionListener</parameter>
        <parameter key="security.context_listener.class">Symfony\Component\Security\Http\Firewall\ContextListener</parameter>

        <parameter key="security.authentication.provider.dao.class">Symfony\Component\Security\Core\Authentication\Provider\DaoAuthenticationProvider</parameter>
        <parameter key="security.authentication.provider.simple.class">Symfony\Component\Security\Core\Authentication\Provider\SimpleAuthenticationProvider</parameter>
        <parameter key="security.authentication.provider.pre_authenticated.class">Symfony\Component\Security\Core\Authentication\Provider\PreAuthenticatedAuthenticationProvider</parameter>

        <parameter key="security.authentication.provider.anonymous.class">Symfony\Component\Security\Core\Authentication\Provider\AnonymousAuthenticationProvider</parameter>

        <parameter key="security.authentication.success_handler.class">Symfony\Component\Security\Http\Authentication\DefaultAuthenticationSuccessHandler</parameter>
        <parameter key="security.authentication.failure_handler.class">Symfony\Component\Security\Http\Authentication\DefaultAuthenticationFailureHandler</parameter>
        <parameter key="security.authentication.simple_success_failure_handler.class">Symfony\Component\Security\Http\Authentication\SimpleAuthenticationHandler</parameter>
    </parameters>

    <services>
        <service id="security.authentication.listener.anonymous" class="%security.authentication.listener.anonymous.class%" public="false">
            <tag name="monolog.logger" channel="security" />
            <argument type="service" id="security.token_storage" />
            <argument /> <!-- Key -->
            <argument type="service" id="logger" on-invalid="null" />
            <argument type="service" id="security.authentication.manager" />
        </service>

        <service id="security.authentication.provider.anonymous" class="%security.authentication.provider.anonymous.class%" public="false">
            <argument /> <!-- Key -->
        </service>

        <service id="security.authentication.retry_entry_point" class="%security.authentication.retry_entry_point.class%" public="false">
            <argument>%request_listener.http_port%</argument>
            <argument>%request_listener.https_port%</argument>
        </service>

        <service id="security.authentication.basic_entry_point" class="%security.authentication.basic_entry_point.class%" public="false" />

        <service id="security.authentication.digest_entry_point" class="%security.authentication.digest_entry_point.class%" public="false" />

        <service id="security.channel_listener" class="%security.channel_listener.class%" public="false">
            <tag name="monolog.logger" channel="security" />
            <argument type="service" id="security.access_map" />
            <argument type="service" id="security.authentication.retry_entry_point" />
            <argument type="service" id="logger" on-invalid="null" />
        </service>

        <service id="security.access_map" class="%security.access_map.class%" public="false" />

        <service id="security.context_listener" class="%security.context_listener.class%" public="false">
            <tag name="monolog.logger" channel="security" />
            <argument type="service" id="security.token_storage" />
            <argument type="collection" />
            <argument /> <!-- Provider Key -->
            <argument type="service" id="logger" on-invalid="null" />
            <argument type="service" id="event_dispatcher" on-invalid="null"/>
        </service>

        <service id="security.logout_listener" class="%security.logout_listener.class%" public="false" abstract="true">
            <argument type="service" id="security.token_storage" />
            <argument type="service" id="security.http_utils" />
            <argument type="service" id="security.logout.success_handler" />
            <argument /> <!-- Options -->
        </service>

        <service id="security.logout.handler.session" class="%security.logout.handler.session.class%" public="false" />

        <service id="security.logout.handler.cookie_clearing" class="%security.logout.handler.cookie_clearing.class%" public="false" abstract="true" />

        <service id="security.logout.success_handler" class="%security.logout.success_handler.class%" public="false" abstract="true">
            <argument type="service" id="security.http_utils" />
            <argument>/</argument>
        </service>

        <service id="security.authentication.form_entry_point" class="%security.authentication.form_entry_point.class%" public="false" abstract="true">
            <argument type="service" id="http_kernel" />
        </service>

        <service id="security.authentication.listener.abstract" abstract="true" public="false">
            <tag name="monolog.logger" channel="security" />
            <argument type="service" id="security.token_storage" />
            <argument type="service" id="security.authentication.manager" />
            <argument type="service" id="security.authentication.session_strategy" />
            <argument type="service" id="security.http_utils" />
            <argument />
            <argument type="service" id="security.authentication.success_handler" />
            <argument type="service" id="security.authentication.failure_handler" />
            <argument type="collection" />
            <argument type="service" id="logger" on-invalid="null" />
            <argument type="service" id="event_dispatcher" on-invalid="null" />
        </service>

        <service id="security.authentication.custom_success_handler" class="Symfony\Component\Security\Http\Authentication\CustomAuthenticationSuccessHandler" abstract="true" public="false">
            <argument /> <!-- The custom success handler service id -->
            <argument type="collection" /> <!-- Options -->
            <argument /> <!-- Provider-shared Key -->
        </service>

        <service id="security.authentication.success_handler" class="%security.authentication.success_handler.class%" abstract="true" public="false">
            <argument type="service" id="security.http_utils" />
            <argument type="collection" /> <!-- Options -->
        </service>

        <service id="security.authentication.custom_failure_handler" class="Symfony\Component\Security\Http\Authentication\CustomAuthenticationFailureHandler" abstract="true" public="false">
            <argument /> <!-- The custom failure handler service id -->
            <argument type="collection" /> <!-- Options -->
        </service>

        <service id="security.authentication.failure_handler" class="%security.authentication.failure_handler.class%" abstract="true" public="false">
            <tag name="monolog.logger" channel="security" />
            <argument type="service" id="http_kernel" />
            <argument type="service" id="security.http_utils" />
            <argument type="collection" /> <!-- Options -->
            <argument type="service" id="logger" on-invalid="null" />
        </service>

        <service id="security.authentication.listener.form"
                 class="%security.authentication.listener.form.class%"
                 parent="security.authentication.listener.abstract"
                 abstract="true" />

        <service id="security.authentication.listener.simple_form"
                 class="%security.authentication.listener.simple_form.class%"
                 parent="security.authentication.listener.abstract"
                 abstract="true">
        </service>

        <service id="security.authentication.simple_success_failure_handler" class="%security.authentication.simple_success_failure_handler.class%" public="false" abstract="true">
            <tag name="monolog.logger" channel="security" />
            <argument /> <!-- Authenticator -->
            <argument type="service" id="security.authentication.success_handler" />
            <argument type="service" id="security.authentication.failure_handler" />
            <argument type="service" id="logger" on-invalid="null" />
        </service>

        <service id="security.authentication.listener.simple_preauth" class="%security.authentication.listener.simple_preauth.class%" public="false" abstract="true">
            <tag name="monolog.logger" channel="security" />
            <argument type="service" id="security.token_storage" />
            <argument type="service" id="security.authentication.manager" />
            <argument /> <!-- Provider-shared Key -->
            <argument /> <!-- Authenticator -->
            <argument type="service" id="logger" on-invalid="null" />
            <argument type="service" id="event_dispatcher" on-invalid="null"/>
        </service>

        <service id="security.authentication.listener.x509" class="%security.authentication.listener.x509.class%" public="false" abstract="true">
            <tag name="monolog.logger" channel="security" />
            <argument type="service" id="security.token_storage" />
            <argument type="service" id="security.authentication.manager" />
            <argument /> <!-- Provider-shared Key -->
            <argument /> <!-- x509 user -->
            <argument /> <!-- x509 credentials -->
            <argument type="service" id="logger" on-invalid="null" />
            <argument type="service" id="event_dispatcher" on-invalid="null"/>
        </service>

        <service id="security.authentication.listener.remote_user" class="Symfony\Component\Security\Http\Firewall\RemoteUserAuthenticationListener" public="false" abstract="true">
            <tag name="monolog.logger" channel="security" />
            <argument type="service" id="security.token_storage" />
            <argument type="service" id="security.authentication.manager" />
            <argument /> <!-- Provider-shared Key -->
            <argument /> <!-- REMOTE_USER server env var -->
            <argument type="service" id="logger" on-invalid="null" />
            <argument type="service" id="event_dispatcher" on-invalid="null"/>
        </service>

        <service id="security.authentication.listener.basic" class="%security.authentication.listener.basic.class%" public="false" abstract="true">
            <tag name="monolog.logger" channel="security" />
            <argument type="service" id="security.token_storage" />
            <argument type="service" id="security.authentication.manager" />
            <argument /> <!-- Provider-shared Key -->
            <argument /> <!-- Entry Point -->
            <argument type="service" id="logger" on-invalid="null" />
        </service>

        <service id="security.authentication.listener.digest" class="%security.authentication.listener.digest.class%" public="false" abstract="true">
            <tag name="monolog.logger" channel="security" />
            <argument type="service" id="security.token_storage" />
            <argument /> <!-- User Provider -->
            <argument /> <!-- Provider-shared Key -->
            <argument /> <!-- Entry Point -->
            <argument type="service" id="logger" on-invalid="null" />
        </service>

        <service id="security.authentication.provider.dao" class="%security.authentication.provider.dao.class%" abstract="true" public="false">
            <argument /> <!-- User Provider -->
            <argument /> <!-- User Checker -->
            <argument /> <!-- Provider-shared Key -->
            <argument type="service" id="security.encoder_factory" />
            <argument>%security.authentication.hide_user_not_found%</argument>
        </service>

        <service id="security.authentication.provider.ldap_bind" class="Symfony\Component\Security\Core\Authentication\Provider\LdapBindAuthenticationProvider" public="false" abstract="true">
            <argument /> <!-- User Provider -->
            <argument /> <!-- UserChecker -->
            <argument /> <!-- Provider-shared Key -->
            <argument /> <!-- LDAP -->
            <argument /> <!-- Base DN -->
            <argument>%security.authentication.hide_user_not_found%</argument>
        </service>

        <service id="security.authentication.provider.simple" class="%security.authentication.provider.simple.class%" abstract="true" public="false">
            <argument /> <!-- Simple Authenticator -->
            <argument /> <!-- User Provider -->
            <argument /> <!-- Provider-shared Key -->
            <argument>null</argument> <!-- UserChecker -->
        </service>

        <service id="security.authentication.provider.pre_authenticated" class="%security.authentication.provider.pre_authenticated.class%" abstract="true" public="false">
            <argument /> <!-- User Provider -->
            <argument /> <!-- User Checker -->
        </service>

        <service id="security.exception_listener" class="%security.exception_listener.class%" public="false" abstract="true">
            <tag name="monolog.logger" channel="security" />
            <argument type="service" id="security.token_storage" />
            <argument type="service" id="security.authentication.trust_resolver" />
            <argument type="service" id="security.http_utils" />
            <argument />
            <argument type="service" id="security.authentication.entry_point" on-invalid="null" />
            <argument>%security.access.denied_url%</argument>
            <argument type="service" id="security.access.denied_handler" on-invalid="null" />
            <argument type="service" id="logger" on-invalid="null" />
            <argument>false</argument> <!-- Stateless -->
        </service>

        <service id="security.authentication.switchuser_listener" class="%security.authentication.switchuser_listener.class%" public="false" abstract="true">
            <tag name="monolog.logger" channel="security" />
            <argument type="service" id="security.token_storage" />
            <argument /> <!-- User Provider -->
            <argument /> <!-- User Checker -->
            <argument /> <!--  Provider Key -->
            <argument type="service" id="security.access.decision_manager" />
            <argument type="service" id="logger" on-invalid="null" />
            <argument>_switch_user</argument>
            <argument>ROLE_ALLOWED_TO_SWITCH</argument>
            <argument type="service" id="event_dispatcher" on-invalid="null"/>
        </service>

        <service id="security.access_listener" class="%security.access_listener.class%" public="false">
            <tag name="monolog.logger" channel="security" />
            <argument type="service" id="security.token_storage" />
            <argument type="service" id="security.access.decision_manager" />
            <argument type="service" id="security.access_map" />
            <argument type="service" id="security.authentication.manager" />
        </service>
    </services>
</container>
