<?xml version="1.0" ?>

<container xmlns="http://symfony.com/schema/dic/services"
    xmlns:xsi="http://www.w3.org/2001/XMLSchema-instance"
    xsi:schemaLocation="http://symfony.com/schema/dic/services http://symfony.com/schema/dic/services/services-1.0.xsd">

    <parameters>
        <parameter key="web_profiler.command.import.class">Symfony\Bundle\WebProfilerBundle\Command\ImportCommand</parameter>
        <parameter key="web_profiler.command.export.class">Symfony\Bundle\WebProfilerBundle\Command\ExportCommand</parameter>
    </parameters>

    <services>
        <service id="web_profiler.command.import" class="%web_profiler.command.import.class%">
            <argument type="service" id="profiler" on-invalid="null" />
            <tag name="console.command" />
        </service>

        <service id="web_profiler.command.export" class="%web_profiler.command.export.class%">
            <argument type="service" id="profiler" on-invalid="null" />
            <tag name="console.command" />
        </service>
    </services>
</container>
